Replicate,Receptor,Peptide,0,1.00E-13,1.00E-12,1.00E-11,1.00E-10,1.00E-09,1.00E-08,1.00E-07,1.00E-06,1.00E-05,1.00E-04,ATP,Date
1,GLWLp.R018a,GLWL,983.7888408,,953.782281899999,1219.5908629,1085.86810509999,1063.0558496,965.293557,1702.1084182,5875.13104699999,8008.1777817,9993.0071147,19395.4620988999,2022_02_15
2,GLWLp.R018a,GLWL,739.033759599999,,857.841479499999,1550.4789075,1022.1855747,1096.5228243,1215.8254573,1392.2822436,4625.30760159999,9094.7697671,12496.8688864,24551.5784422,2022_02_15
3,GLWLp.R018a,GLWL,674.308633199999,,905.6583284,1385.1825554,1273.15194479999,1366.2561558,1603.6631954,2081.2124185,5076.8691766,15189.3967187999,13847.6751148,28503.7523857999,2022_02_15
4,GLWLp.R018a,GLWL,715.198812,,731.9309908,759.041696,830.193112,517.8411504,653.5125736,1431.4941052,3381.14629,5504.0555908,4789.7769004,14903.496254,2022_04_01
5,GLWLp.R018a,GLWL,696.877272,,677.0200468,790.43552,705.0207528,653.2692432,835.0233992,1310.881094,3651.4847944,5619.305062,6347.1370204,16364.5949896,2022_04_01
6,GLWLp.R018a,GLWL,803.643130000001,,695.9476828,742.10528,714.4631516,633.7433088,688.64287,1220.4627464,3252.6641804,5600.5591556,6419.2160468,18077.2386964,2022_04_01
7,GLWLp.R018a,GLWL,5281.4436414,,4538.7275605,4846.9567246,4815.8641824,6081.9527726,5050.915995,7207.5288676,34606.0428254,46913.1687636,47060.482936,76552.9836738,2022_05_27
8,GLWLp.R018a,GLWL,6775.0522916,,6066.2885524,5747.5560574,9495.011155,7375.747178,8977.3611004,10887.8371154,48426.1238388,55894.6325728,65877.2399944,69432.1112116,2022_05_27
9,GLWLp.R018a,GLWL,5970.6277578,,5949.1117391,7772.129091,6398.5797112,6340.2396384,5356.2634,12029.6094896,42968.0627456,50052.4700574,66930.2548048,61368.290286,2022_05_27
1,HIRa.R021,HIRa3,6106.425949,,8030.743555,8121.108672,9278.480627,10592.01176,15030.63725,17806.28474,20427.59284,17273.57572,14746.61126,,2021_07_21
2,HIRa.R021,HIRa3,7885.076616,,10031.99986,8799.881581,8611.894905,13117.79487,12547.62991,16013.13852,16944.67703,16307.22099,12004.05743,,2021_07_21
3,HIRa.R021,HIRa3,6149.110933,,6316.763783,6742.51585,8951.268526,10040.40516,11752.14719,14424.295,14879.33218,13439.03441,11027.94826,,2021_07_21
4,HIRa.R021,HIRa3,7307.101499,,,6025.297698,5826.180597,9391.668404,12419.0211,13478.09875,13798.7574,12537.4422,10810.6368,,2021_04_28
5,HIRa.R021,HIRa3,4003.047099,,,5462.26042,5243.373068,6161.300033,10477.5661,8794.363399,10431.70603,11118.92585,9309.295979,,2021_04_28
6,HIRa.R021,HIRa3,1542.003674,,,1543.931087,1796.548429,1863.149277,2296.986433,2863.73147,3408.084664,2523.229404,2400.055396,,2021_04_28
7,HIRa.R021,HIRa3,1198.16733,,,1577.639388,1416.973818,1619.25385,2441.142313,4804.958682,2785.655596,2804.341806,3076.439175,,2021_04_28
8,HIRa.R021,HIRa3,45750.1307352,,66577.4227596,63663.0252544,52292.5994246,62932.5678524,74439.7837444,80016.2515686,90177.698011,86076.9814524,71978.9985376001,60292.7420444,2022_05_27
9,HIRa.R021,HIRa3,47477.996805,,50315.6631332,52796.9624816,47700.2880312,74055.026412,87868.8352458,93604.705151,98807.4038048,90444.2889088,89161.6837562,61674.4576128,2022_05_27
10,HIRa.R021,HIRa3,39770.2058252,,52415.6791918,59775.8935536,60294.8537254,52497.285928,89197.128041,87421.194241,94161.2039748,106563.6257748,112888.3109342,68826.794978,2022_05_27
1,HIRa.R029,HIRa3,358.6396338,217.4831932,507.077448,526.3922116,346.3375468,420.6460804,419.862014,1654.006608,14890.35567,25382.16849,21742.96711,,2021_07_28
2,HIRa.R029,HIRa3,360.8135466,365.2159878,274.0330292,257.7707646,528.0896856,454.521765,510.3313976,1743.423054,18577.03772,25753.94765,21352.58427,,2021_07_28
3,HIRa.R029,HIRa3,542.4165436,290.7077632,290.3607112,400.642308,256.833564,400.5761408,438.2214788,2200.538431,13761.14259,19941.62039,14753.38337,,2021_07_28
4,HIRa.R029,HIRa3,142.3658592,,107.917656,250.298328,663.2967964,826.717364,681.4160324,4531.962303,13585.26501,13700.48851,11521.89759,,2021_04_28
5,HIRa.R029,HIRa3,392.5727236,,268.7981536,286.9286656,305.6588028,357.8286332,1062.148034,5227.115969,12121.44438,12533.53007,9645.760198,,2021_04_28
6,HIRa.R029,HIRa3,250.0923656,,107.2664856,288.4140304,287.1230904,502.5083288,950.7966896,1985.856804,3438.182754,3273.991262,3745.037447,,2021_04_28
7,HIRa.R029,HIRa3,337.555128,,322.1537856,323.3077472,232.969272,357.614176,825.9700752,3584.911661,2394.628825,3404.894097,2544.137075,,2021_04_28
8,HIRa.R029,HIRa3,1520.0004828,1195.400177,1347.0299738,1538.0380268,2039.2942228,1917.1148514,2060.3213344,7692.4895146,29609.1691296,37888.9046732,27212.9391502,28766.1100964,2022_05_11
9,HIRa.R029,HIRa3,1191.1207916,1525.9176422,1786.7958586,1577.2229062,1638.9592544,2341.1873828,2744.9972522,10513.834922,34341.8667396,46875.950547,42220.5274058,47639.3574418,2022_05_11
10,HIRa.R029,HIRa3,1265.6149712,1419.2315666,1738.9063756,1428.2612168,1775.1926726,1367.27469,2009.1081402,10834.0065586,42408.4111814,58464.779652,42995.7687778,46427.7518118,2022_05_11
1,FLRNa.R026,FLRNa,673.2995478,359.5389822,604.2767873,301.6894428,451.5381703,695.2812405,1475.940526,4321.550177,10118.24106,7245.072602,5456.435296,,2021_07_28
2,FLRNa.R026,FLRNa,453.6213864,581.80617,327.0065486,558.7803731,557.6460816,1291.436928,2639.215457,6940.50809,14100.52031,16793.75014,12078.33068,,2021_07_28
3,FLRNa.R026,FLRNa,374.4580102,307.2145678,396.8316592,632.898084,434.918609,1323.649058,5795.666402,10489.07026,24448.17597,15820.90092,14746.30026,,2021_07_28
4,FLRNa.R026,FLRNa,430.9552566,264.073254,227.501086,453.906891,545.6485678,508.0148008,1489.322289,5527.383278,6633.954545,7453.338814,4602.921277,,2021_07_28
5,FLRNa.R026,FLRNa,490.779836,453.9528686,363.2481702,342.7895372,324.492945,718.1437089,1831.608252,6619.357757,10025.36597,18354.5856,20511.51398,,2021_07_28
6,FLRNa.R026,FLRNa,500.5993218,487.9772684,722.6527688,560.2785276,325.5223,940.1987444,2701.356344,12021.65108,17699.68653,25583.25071,22694.92096,,2021_07_28
7,FLRNa.R026,FLRNa,390.6829125,,337.2979674,394.151002399999,343.88406,507.804267499999,508.7219551,1627.4377421,2224.7877903,2506.87685319999,1720.88983169999,8755.0287453,2022_01_27
8,FLRNa.R026,FLRNa,493.944558299999,,392.2956267,443.1853214,345.3212152,558.6369297,674.0422406,1431.7939547,2930.281041,3134.2116074,1977.96754609999,10570.2269469,2022_01_27
9,FLRNa.R026,FLRNa,496.1673886,,526.993750499999,573.782189999999,558.8783824,591.8462248,726.6691043,2081.8791853,3677.1385365,2717.6654596,2707.9692877,11803.8123,2022_01_27
1,FLRNa.R187,FLRNa,6957.1413052,5791.5953964,5564.2922456,5452.11478759999,6851.0521644,6451.6617064,11116.5165108,31143.2620036,51427.8261727999,62324.8918812,64568.89291,96762.5693488,2023_03_17
2,FLRNa.R187,FLRNa,5856.7360044,5863.02385319999,5977.37354319999,5841.7084356,7925.83743599999,6880.4132536,12169.2153408,27624.4717668,53719.8805468,62358.709138,55665.0500807999,94857.7013392,2023_03_17
3,FLRNa.R187,FLRNa,6335.9177264,5113.8496044,4867.6507756,6036.1332264,6333.10833,7831.1724536,11846.5457603999,31122.395488,57759.5462444,71023.533272,59504.3301996,97904.1197276,2023_03_17
4,FLRNa.R187,FLRNa,14263.3339104,14559.1879432,14751.1773876,11246.8760208,14323.7464328,17078.7028683999,21899.0511832,30601.3256399999,47379.7207964,42595.7992727999,50655.3320555999,87884.9893588,2023_03_17
5,FLRNa.R187,FLRNa,9639.378572,10793.7326543999,16386.999796,18448.4793696,21622.2663628,19804.4298699999,21828.9688492,33822.807384,43437.627666,53466.6969955999,49060.3715935999,90301.8447908,2023_03_17
6,FLRNa.R187,FLRNa,14521.8091039999,13377.3316435999,9748.4767416,12468.8958744,19291.050816,18118.0058844,15479.6584188,33086.171428,46250.4601991999,33861.2238183999,41620.3878536,72792.9994372,2023_03_17
7,FLRNa.R187,FLRNa,3995.68824659999,4266.9048636,4905.390727,3439.2744736,2839.01273539999,3560.60620399999,6375.72639119999,4941.5917926,10515.3046208,7832.0178832,17458.9673634,81360.1025688,2023_03_16
8,FLRNa.R187,FLRNa,7560.8139498,14092.0960816,27308.786054,13846.7738784,10730.330715,13617.3642541999,19666.527479,16979.9708871999,28937.9362691999,12784.385872,30191.599305,119551.8956874,2023_03_16
9,FLRNa.R187,FLRNa,6885.57922319999,11387.152161,22487.0125693999,12953.5634874,19454.8073216,26854.0556402,27023.086177,28563.5029049999,33909.026022,16922.0069222,21832.0142702,108941.4421676,2023_03_16
1,FLRNa.R197,FYRVa,5510.9240294,,4971.2008168,5155.2453036,4476.4888336,3431.1397252,3104.8210872,3921.7638684,16694.9297904,24272.19517,19510.5200848,43586.8854604,2022_09_02
2,FLRNa.R197,FYRVa,4394.4845796,,4113.5314408,5490.0430716,3323.059843,3528.7585216,3768.5342524,5530.1665176,17763.6787928,26223.4001544,27810.5305932,53221.401348,2022_09_02
3,FLRNa.R197,FYRVa,4239.2647308,,4757.914139,4550.4522864,4262.410239,3919.0591498,3221.349364,5764.2356528,20545.5906044,26418.1471788,22368.4518012,36852.761132,2022_09_02
4,FLRNa.R197,FYRVa,1055.7717406,1081.6353132,983.388644,751.5982222,1333.9211988,1110.7818292,1283.6966088,1029.9238776,1585.8504192,3209.9462916,5924.3057876,40299.233618,2022_11_30
5,FLRNa.R197,FYRVa,1112.9351304,1159.3846468,1079.913541,789.7680442,986.053861,958.8417986,1033.9604544,381.2753592,1984.2082556,4635.7170732,6540.571442,34820.9810384,2022_11_30
6,FLRNa.R197,FYRVa,614.1460808,1217.6681868,1407.0651274,385.246896,2049.0534048,1284.8306236,1263.8993076,1239.5123436,1928.2853612,5873.8224728,4784.6267232,28772.0354908,2022_11_30
7,FLRNa.R197,FYRVa,3890.7308368,4507.0071804,4212.8582056,2848.6687756,3469.7404496,1260.9507788,3565.4567664,5730.4236328,23533.6303084,39629.2506288,52242.8090452,38242.6766568,2022_12_14
8,FLRNa.R197,FYRVa,6214.4990444,4899.5542988,4300.239622,3900.63076,3452.1288096,1030.4833664,4576.0131744,6422.5527684,35603.5349628,58841.0879952,77902.8090064,64716.6718996,2022_12_14
9,FLRNa.R197,FYRVa,7483.4382288,5221.5750376,5242.5254368,3793.5259328,3843.2309024,923.7216652,5907.1591708,14497.142472,63370.7618604,92508.7325576,97849.250862,39437.7941224,2022_12_14
1,FLRNa.R197,FLRNa,6762.9225898,,5479.1355076,4122.4682544,4379.8076788,5031.1509576,22553.3280084,32742.187414,34462.8466888,34283.3638132,27870.3837,67727.4984292,2022_09_02
2,FLRNa.R197,FLRNa,5955.3592004,,4114.7576562,3359.2674408,4321.1596772,3235.715926,9801.3055728,24610.8226264,26542.6978412,26544.1600644,23590.122982,50312.095654,2022_09_02
3,FLRNa.R197,FLRNa,5472.317004,,4523.4539644,4474.7583648,4846.7743644,3978.2668898,12281.7022904,21307.2297592,24256.577128,25212.2807452,24257.0994384,43235.7196888,2022_09_02
4,FLRNa.R197,FLRNa,3410.3301412,3914.483522,3328.4610592,3564.9460592,2231.7453312,3706.6378076,13085.190352,21618.7593504,26326.920828,22393.3768184,23116.7767196,55481.5947336,2022_09_10
5,FLRNa.R197,FLRNa,4196.3449492,2866.188648,4123.388952,3217.238634,2910.1188096,3551.1415568,13257.3151308,25197.646616,25817.116322,27276.6804232,21457.4731252,58456.7153752,2022_09_10
6,FLRNa.R197,FLRNa,2835.9725432,2964.763602,3077.8275512,3255.8459368,3103.613184,3338.2378656,11762.6901748,18286.8114076,19338.5160208,17168.8589744,17439.9712308,44227.1393016,2022_09_10
7,FLRNa.R197,FLRNa,8749.6041008,6520.5645584,6808.6360044,5716.211122,7189.1790808,2131.5626868,46377.8746404,87173.4741132,97748.1142812,111745.456194,118031.7520088,43000.7914992,2022_12_14
8,FLRNa.R197,FLRNa,6725.538064,7003.0001756,4728.4048212,3580.1585188,4983.2659696,1527.9394408,47649.3991064,75937.5264016,99955.0079656,104026.823188,92769.2785816,60007.0338016,2022_12_14
9,FLRNa.R197,FLRNa,7976.2561824,8248.2357168,6433.6589208,5840.6891436,4305.7851664,1296.7339096,48431.8361532,106211.1590472,108138.4882372,113373.7991196,6711.2070492,69251.9736544,2022_12_14
1,FLRNa.R230,FLRNa,11408.5063832,11072.7341072,10239.5453868,9795.7628664,11617.6438132,25155.9297496,52387.1307704,62317.58513,64697.8085832,67083.4574172,76084.8809996,82404.4554368,2022_09_09
2,FLRNa.R230,FLRNa,10415.307294,11821.5642608,12783.1808212,12747.230304,16452.3884504,1333.6110656,75413.5221268,81058.194822,90209.0193464,87366.7028156,88674.3060828,99608.5915964,2022_09_09
3,FLRNa.R230,FLRNa,7020.721788,6922.7103452,9754.4858596,8138.1486584,10207.8917812,19818.2298132,33669.1779468,37174.8061916,40374.2140112,39289.2942532,37644.1281908,50565.6518836,2022_09_09
4,FLRNa.R230,FLRNa,3352.4480384,3449.3954964,3483.7799276,4786.4368516,5490.7003904,12751.984568,40952.0574716,56187.4568644,60522.0860008,58883.5062272,57156.3203024,89509.50133,2022_09_10
5,FLRNa.R230,FLRNa,4349.2914332,4009.5524708,4374.6009556,5716.8348052,5507.900672,12630.3945812,37787.866934,46613.7668684,54196.1724412,52108.5308716,52163.1135108,84831.805836,2022_09_10
6,FLRNa.R230,FLRNa,3678.6599164,5347.6124132,6309.7832064,5407.2545224,5549.728896,14084.9796452,41816.923446,53634.465298,68563.4369,60110.5688488,53587.2771584,80986.9887384,2022_09_10
7,FLRNa.R230,FLRNa,3049.1947488,3636.3945112,2948.08008,5615.983774,10821.382758,12258.1270656,30935.6149788,45698.692276,50654.2150288,53350.745416,46131.9520612,71222.270518,2023_02_03
8,FLRNa.R230,FLRNa,2779.9189228,3275.77734,4105.7359196,8804.239198,13068.32805,19262.3968344,36119.6241344,59004.63254,67742.7505552,52115.5365772,65177.5310924,81966.8267788,2023_02_03
9,FLRNa.R230,FLRNa,2708.1103188,3601.9823048,3491.6017024,8263.2826664,14917.988662,19207.1335844,35822.4821296,55060.4125116,55833.6127704,70090.2903764,57722.4689916,82995.5345016,2023_02_03
1,PFHa.R036,PFHa,1645.3781128,1902.853335,2863.754005,3957.7789286,5511.8837818,25713.889746,71351.292846,124168.4403694,138653.632354,156056.4216276,139351.8890836,147556.2335326,2022_06_28
2,PFHa.R036,PFHa,1604.8911848,2610.5757912,2823.8426886,2969.7397568,5662.290181,34295.5944974,94209.888561,93331.581655,180336.2302402,165182.502709,147135.1860774,165097.960624,2022_06_28
3,PFHa.R036,PFHa,2099.9287552,2480.107108,3411.0695098,3344.8766194,8403.9656698,36646.3357134,104087.685883,128757.7118354,156348.595336,199960.0954162,152242.0932338,159597.1280012,2022_06_28
4,PFHa.R036,PFHa,1112.2010624,2971.993189,2883.1721175,3203.1127419,5952.374871,15731.1979502,26229.3115034,31882.1085884,28652.8495005,38189.1348384,31230.3730351,54636.5987459,2022_07_15
5,PFHa.R036,PFHa,1111.775644,2478.1312595,2987.8798293,2753.7390884,6376.2962714,17129.2965036,28076.8433969,29058.3271253,38697.9028799,33686.0692029,33593.0564794,87727.8332722,2022_07_15
6,PFHa.R036,PFHa,1113.102576,1881.4060987,2954.1065656,2840.1850939,5595.0091575,16932.4372972,21907.363645,22820.6403678,28835.1678949,35021.9335126,24392.2948605,56221.3655851,2022_07_15
7,PFHa.R036,PFHa,1130.6179577,745.725799,1191.606575,1458.0990852,1657.5784382,3014.9251822,2304.951558,2547.5085541,6092.1482182,22230.83018,6915.066389,15840.7326739,2022_07_27
8,PFHa.R036,PFHa,706.6587635,319.5954281,995.2337681,977.0894377,1319.1392794,3813.7157002,3081.3610049,2986.2665983,5009.8421882,9454.2258728,5403.2614462,16763.7799269,2022_07_27
9,PFHa.R036,PFHa,1042.1425254,710.3309837,1084.3232104,1546.0827578,1692.4561336,1472.6255047,2977.1904068,2249.1211006,5953.589113,12363.10815,8632.7951289,16321.9199878,2022_07_27
1,QWa.R069,QWa1,1134.4348624,,1341.45824679999,950.9813864,1167.97657499999,1438.20606239999,1956.09681099999,5371.12711139999,13114.7284525999,21005.8259461999,23485.0861486,32126.9969353999,2022_02_15
2,QWa.R069,QWa1,768.76086,,1177.05046359999,1280.36512839999,1463.520765,1448.09411039999,2672.521216,5891.83523119999,16520.0124731999,27639.5939513999,27931.9612232,41511.5908725999,2022_02_15
3,QWa.R069,QWa1,819.8694616,,1195.53145699999,1328.1349588,1525.144605,1881.69202799999,1067.46707839999,2696.4994716,18362.9113292,31896.1240856,28222.2709904,44591.2281682,2022_02_15
4,QWa.R069,QWa1,1821.3414349,,1798.8774161,2020.3865268,1688.6382144,1716.9055112,2292.836896,6310.2873704,15668.7996829,22101.2898664,21528.4644312,39947.0235244,2022_03_02
5,QWa.R069,QWa1,2101.5464126,,2084.3172704,2034.2620732,1751.4043951,1916.0026461,2501.4716879,6224.134045,17175.6703687,23347.241606,25669.7857874,45303.8079751,2022_03_02
6,QWa.R069,QWa1,1664.0688725,,2251.1196128,1734.6706429,1674.7645195,1555.4255885,2270.7167966,6060.1959755,17584.9245088,23553.9046923,25156.4534802,48988.1407233,2022_03_02
7,QWa.R069,QWa1,446.696268,,429.7794896,380.8144056,426.92648,254.8063232,436.393936,1368.5406848,4140.10856,6257.4727992,9430.5364128,16792.1291696,2022_04_01
8,QWa.R069,QWa1,360.3254192,,341.7270984,399.5536392,285.77652,325.7049576,490.497252,1293.7093392,3226.8867704,7584.0527,8706.4264984,13336.6537224,2022_04_01
9,QWa.R069,QWa1,455.9727976,,388.9718256,469.9959096,217.2040616,318.1738048,487.54706,1608.247244,4057.4358136,8163.1426096,8079.978336,15207.6354064,2022_04_01
1,VRHa.R186,RHa1,7869.741103,21296.495847,21558.2927653999,21034.00051,40493.1265815999,63295.0027384,75424.995905,65178.1108013999,56079.5102552,71049.0044138,74992.8254382,73169.8647515999,2023_03_17
2,VRHa.R186,RHa1,3646.17238399999,13714.3831959999,13862.0594116,22191.873278,43939.5028204,67040.9221317999,66418.0930279999,81904.2263855999,85672.648578,99554.3020899999,74467.5042298,89195.2272974,2023_03_17
3,VRHa.R186,RHa1,7889.76036659999,12819.4410981999,19592.6565838,17520.9233939999,28298.1297592,64266.3662372,82098.1848537999,73497.8877778,106195.9346094,78378.6489157999,61516.2040605999,104780.9983856,2023_03_17
4,VRHa.R186,RHa1,9305.9939512,17705.2819724,15375.8643975999,20771.0454795999,27937.0740656,38286.6540331999,45190.3097128,50077.1833228,60277.9268595999,55818.9792272,51400.7444896,74602.4674228,2023_03_17
5,VRHa.R186,RHa1,50846.384466,24395.292428,18185.5935016,22339.2228755999,27361.1978387999,24883.5314779999,52401.9741172,53513.6860284,67579.126658,68481.7043351999,61893.0451376,95868.1774211999,2023_03_17
6,VRHa.R186,RHa1,11852.6018856,14834.008678,20715.2453971999,16484.4035768,26674.5446887999,38822.4961264,44307.442456,57942.4796564,52605.3597607999,62964.3056547999,56449.3576975999,84098.2529567999,2023_03_17
7,VRHa.R186,RHa1,6539.9740516,9095.72087,9829.04931499999,14161.940021,19214.0786008,29034.5542315999,27901.8692042,61734.5205633999,37308.8125704,54292.8058293999,47854.0712212,83609.4947255999,2023_03_16
8,VRHa.R186,RHa1,12097.1787166,20628.4240719999,21555.2085611999,20648.077361,27032.8911958,26541.2988986,34279.5697472,42798.3421652,34098.7340521999,41303.8624469999,51028.365965,68425.2282949999,2023_03_16
9,VRHa.R186,RHa1,7312.299037,17244.0908898,15165.1909969999,17822.7080776,23997.6565815999,13421.3873408,41220.4083361999,52753.3570949999,31125.4418714,45445.1248514,39326.4142812,97432.7301099999,2023_03_16
1,RPa.R248,FRPa3,5714.38296279999,6127.79271,4401.4318336,5282.48796399999,5153.77586519999,11086.4135092,23753.7101012,47645.5008316,60510.0654364,68254.8543624,121108.2191832,77645.2195128,2023_03_17
2,RPa.R248,FRPa3,4699.70581279999,5275.13219279999,5206.5727632,5926.89513279999,7604.073662,11850.5045663999,28396.1414548,58887.1965868,74903.811294,103654.053314,102107.8164544,91867.5168712,2023_03_17
3,RPa.R248,FRPa3,6389.1591112,6254.7162984,4616.85759439999,5271.744444,6512.7275672,9954.5032932,27290.8660547999,54318.6278536,85526.990776,78177.569318,108298.515317599,113903.80916,2023_03_17
4,RPa.R248,FRPa3,11266.8733908,10651.0980444,10516.6602895999,13849.475136,15277.6896363999,20110.2041932,26435.1505444,39866.9317099999,57596.5375912,31273.6751695999,103294.667739599,86922.9541743999,2023_03_17
5,RPa.R248,FRPa3,9488.5654768,10970.9987139999,13460.6759395999,10819.4113608,18483.0292644,23682.878772,31635.0667892,49837.0652824,63271.5136472,9058.437596,94541.3414028,89053.4707648,2023_03_17
6,RPa.R248,FRPa3,9611.96103999999,10903.5809427999,10607.8898676,9652.968696,13053.3341635999,18696.04345,29844.5162956,43000.178778,45258.30782,65193.2218271999,97104.1138212,82472.1558443999,2023_03_17
7,RPa.R248,FRPa3,3780.53457159999,2616.73384059999,2536.22268399999,1977.5241968,1071.8580948,1000.10162279999,1800.85203919999,9892.4490664,3664.60897119999,13000.7815476,12365.230688,31725.5264828,2023_03_16
8,RPa.R248,FRPa3,3514.5403126,2403.8115524,4283.6925056,3941.092004,2822.51927679999,2446.14941719999,1783.2892116,30479.1497732,25628.7419312,23093.1365048,23349.2622327999,35046.862702,2023_03_16
9,RPa.R248,FRPa3,3356.3597018,2385.392897,5071.1818044,6331.344404,4573.0018616,3624.91126279999,3477.7316868,1298.99645039999,27328.7982592,44502.7513116,15865.2309715999,45458.3652636,2023_03_16
1,RPa.R248,RPa2,11025.9316892,12630.0070524,11021.0691359999,12030.6895431999,9842.577868,23538.3161239999,51340.6667176,83880.9049383999,75483.8785056,70075.5987528,61414.5185016,90646.8909335999,2023_03_17
2,RPa.R248,RPa2,11754.4496376,11517.0846147999,12966.0252259999,10808.1772712,14825.404352,21499.7067912,47586.4005167999,92171.7238175999,72792.5895423999,53957.634604,87868.6868344,84066.3554591999,2023_03_17
3,RPa.R248,RPa2,12431.7248916,10348.9183052,10445.721666,9176.3476736,14107.2266816,20657.3666039999,50108.7173432,77664.0890288,86866.597016,63345.9148199999,78623.5892696,92342.1620239999,2023_03_17
4,RPa.R248,RPa2,5679.77040439999,3367.23002479999,2741.75563639999,3754.05014839999,4682.4215012,8096.2182844,21639.6863767999,45223.9286915999,56438.6603059999,61986.9053276,53829.512464,71583.4122855999,2023_03_17
5,RPa.R248,RPa2,5519.3853004,3367.446612,3637.7119392,3681.9566472,4572.75135439999,7308.10640999999,25949.3673311999,42366.6626611999,25470.9412331999,55432.9858552,43496.1496728,75708.8021268,2023_03_17
6,RPa.R248,RPa2,5555.6220268,4083.9212896,3763.58136079999,2264.1758512,3802.37552759999,6282.3436096,23378.5105975999,37691.5032916,42854.0245436,41175.125388,31844.9517911999,64875.3705332,2023_03_17
7,RPa.R248,RPa2,3145.1933334,8117.7463738,7569.1914988,8897.51632159999,8877.6055776,4072.46240399999,20224.7231464,45781.0908299999,34376.9243396,25277.5927864,22957.8280544,52779.3130436,2023_03_16
8,RPa.R248,RPa2,5971.3893314,8988.3893626,10536.9010423999,9917.8682724,7234.71453,7838.09071319999,35534.4856379999,34525.1348208,36565.0247504,43074.4824588,31920.436716,74832.3187312,2023_03_16
9,RPa.R248,RPa2,3372.1493358,6018.5133536,7623.88135,9379.4432856,3482.5860732,3322.525612,11535.8925323999,31699.3409851999,50445.5467775999,35595.6641535999,39106.6147076,62268.1159475999,2023_03_16
1,QGRFa.R070,QITRFa,784.4217088,,567.1850524,427.1241568,789.566146,836.7339268,848.597087599999,549.696304399999,619.887576399999,2403.65507759999,5655.514242,6690.546672,2022_02_15
2,QGRFa.R070,QITRFa,539.4881024,,430.5760836,634.8639168,940.8367252,1135.0742132,771.0431428,497.883631999999,981.238680799999,2675.12562239999,6680.88438719999,8164.4238228,2022_02_15
3,QGRFa.R070,QITRFa,905.756128399999,,792.9796208,678.674936,893.0188476,665.7693088,674.979004,694.452195999999,1056.0095732,2123.7881756,6103.1432412,6446.52282559999,2022_02_15
4,QGRFa.R070,QITRFa,1277.9749198,,1022.34412,933.716898,1134.659298,1464.0933784,1312.1117898,1350.5774994,1471.7709842,2738.87752,6251.826834,15641.0163846,2022_03_02
5,QGRFa.R070,QITRFa,1092.6714656,,940.8408838,1293.1861322,893.7094464,1208.4625538,1020.9189592,1029.7483828,1388.853963,2624.6936952,6979.3019596,15565.4978576,2022_03_02
6,QGRFa.R070,QITRFa,1042.2538724,,1309.2948184,1175.4880686,1211.445972,1166.8582382,1266.941249,1037.8608036,1371.5346856,3065.0091546,6519.1546806,18025.8381986,2022_03_02
7,QGRFa.R070,QITRFa,563.9650958,,587.7401722,629.7550116,673.0197765,491.4377291,734.2272156,785.1758533,598.2087436,4085.9010506,7353.0570238,10377.3631943,2022_05_06
8,QGRFa.R070,QITRFa,881.2770293,,632.7104378,595.725611,723.92265,604.6423449,658.2941432,426.1811113,759.874792,3977.6052953,9178.3089881,10397.5578016,2022_05_06
9,QGRFa.R070,QITRFa,1173.403504,,689.8813937,926.7766015,730.7516715,739.1234542,649.438763,446.2691211,691.9842416,4497.7240079,8580.158285,13107.9647408,2022_05_06
1,QGRFa.R070,QGRFa,610.616831999999,,865.452316399999,1254.87951599999,906.8158488,1296.8990584,1016.571366,1232.215568,4561.9498568,9001.81609719999,10200.7651083999,16027.3632811999,2022_02_15
2,QGRFa.R070,QGRFa,574.22655,,436.390401599999,963.496115999999,662.748134799999,955.293078,904.924476,1447.54325919999,4428.08836279999,9598.1142312,10695.873452,17845.1389004,2022_02_15
3,QGRFa.R070,QGRFa,465.222599999999,,364.754668799999,1196.38596,823.4628012,594.2809552,682.246871999999,1505.5772704,3934.16820519999,8119.759754,9563.26429799999,15655.9302084,2022_02_15
4,QGRFa.R070,QGRFa,1320.5964426,,1537.2357774,1305.6602656,1474.6528104,1435.1891056,1901.4131896,1679.0784504,3740.4195966,7146.3601996,12067.9057518,20719.0333386,2022_03_02
5,QGRFa.R070,QGRFa,1295.5072548,,1372.7304196,1210.3713192,1398.4846218,1286.4455082,1487.5167842,1691.012436,4107.6410314,7386.802973,10946.5668666,17960.4286314,2022_03_02
6,QGRFa.R070,QGRFa,1067.9154218,,1316.0835744,1310.2195332,1793.4623028,1546.8444286,1639.4113728,1982.6591888,4230.3331944,6690.1863754,10651.5821834,17977.1058898,2022_03_02
7,QGRFa.R070,QGRFa,440.7197485,,830.2875138,826.811094,664.9936172,756.85078,879.7001688,1284.359721,7093.383892,14473.5406774,15042.9758,20795.2051382,2022_05_06
8,QGRFa.R070,QGRFa,736.1374467,,1082.995382,1254.323413,735.0231416,863.75786,796.7666376,1220.4630024,7842.251318,12637.205605,15258.640378,24106.6066716,2022_05_06
9,QGRFa.R070,QGRFa,481.7795733,,1047.803051,1272.7760164,749.7672908,892.04336,953.5418712,1057.1586876,7696.440164,14080.416556,13163.1416974,19057.4191962,2022_05_06
1,QGRFa.R234,QGRFa,7669.2278908,5455.9877768,4288.8443856,5444.5520244,6517.1536696,7682.829916,10855.1167712,11324.031826,13092.9709648,13784.2262184,11758.1610316,30268.3056944,2022_09_09
2,QGRFa.R234,QGRFa,8322.3002276,5863.7653392,5930.8624188,6432.3231188,12081.007496,11702.622696,13429.8971356,13754.7821812,16150.7397776,20364.7286268,13810.6062312,32872.6975888,2022_09_09
3,QGRFa.R234,QGRFa,7975.4543996,7010.717044,5969.5289736,5716.5701748,9378.3414776,11664.1525948,14489.0742064,14740.912302,15179.89319,17992.2815824,13332.5264,36882.5759124,2022_09_09
4,QGRFa.R234,QGRFa,1237.9336604,1043.7662272,928.1091904,870.4972128,1927.8988604,4710.8564128,8465.7022248,11575.8959516,11523.10943,13217.6055336,12689.05183,32369.4026488,2022_09_10
5,QGRFa.R234,QGRFa,1523.6029588,580.338438,1005.5836844,1123.3120776,1639.716988,4519.2361196,8616.444674,8688.0468088,10932.0502912,14259.4798356,12392.0212764,36400.4356904,2022_09_10
6,QGRFa.R234,QGRFa,877.239458,1062.8695668,888.9094272,1412.47021,1850.774296,4749.1974476,7477.6812968,9984.5494072,8855.476042,10291.9439924,10060.5574472,34574.5914024,2022_09_10
7,QGRFa.R234,QGRFa,1740.2605152,1176.3483512,1556.1222296,1069.2372048,1232.0823856,5983.078324,18797.7476732,27259.4897388,30587.6814028,39984.54676,38423.5497576,37642.5714168,2023_02_03
8,QGRFa.R234,QGRFa,1344.7332156,1936.9226492,1374.34451,1321.6245684,1341.4568852,8195.9682188,20703.4457852,28668.4605644,41510.6415176,42575.3485832,41279.193172,38912.5200176,2023_02_03
9,QGRFa.R234,QGRFa,1649.6754704,1049.8895088,1447.0782368,1141.2061264,2483.4600808,8212.653842,17809.1542412,28255.3097996,37513.350388,41258.0706912,39165.7398216,37853.6190308,2023_02_03
1,QITRFa.R196,QITRFa,6072.3284582,4800.8004,3549.3690178,1718.3057672,14895.0712644,35730.885119,40218.4965378,54286.71914,45350.955195,40011.9169774,40080.6571304,72319.9659558,2022_08_25
2,QITRFa.R196,QITRFa,16243.1892648,3836.730825,6055.9886538,6495.87325,13232.5820776,44377.1326394,57541.686384,67617.690672,64984.2017572,56365.2220836,52470.0102048,80506.1831326,2022_08_25
3,QITRFa.R196,QITRFa,6784.2560844,4701.968961,5680.8033748,2073.6336408,17895.04485,40083.9827674,45947.4166098,64056.263584,65189.0112658,59663.4987404,63189.345029,85964.5740318,2022_08_25
4,QITRFa.R196,QITRFa,2294.3107336,,4209.2155706,6152.0289272,17610.8076492,29855.7303894,37156.2104654,39147.6249964,41585.6910422,39618.494088,40358.618185,61129.2240074,2022_09_02
5,QITRFa.R196,QITRFa,1875.090577,,1960.2154622,5978.5549606,19055.8448144,35247.6932578,42740.7744548,41947.6776704,43673.97979,47026.1388892,37613.0994134,69029.0663834,2022_09_02
6,QITRFa.R196,QITRFa,955.6574924,,7682.6148718,9751.3944688,24080.1810188,35271.0919184,41704.5623838,38766.918472,37325.0949428,42975.9612744,33571.4395822,58766.3748584,2022_09_02
7,QITRFa.R196,QITRFa,14290.0338856,10796.9323364,11284.4881484,15462.4961356,22968.5741288,31924.1145976,33381.23832,31417.7976232,31909.9601416,29697.2877812,24935.78778,39899.590152,2022_09_09
8,QITRFa.R196,QITRFa,16682.0212476,22469.371292,30656.4381164,34146.9067368,40040.8819756,42823.167512,47060.2727648,35346.2177336,38267.8973916,35869.207392,38236.5465784,55968.852382,2022_09_09
9,QITRFa.R196,QITRFa,16470.0952492,12388.6436092,15376.6368544,28542.6144652,42792.8988296,44646.8226236,45578.5255308,45133.0831324,42124.6735476,38504.2461516,40717.80461,59883.5679052,2022_09_09
10,QITRFa.R196,QITRFa,1886.1998748,3403.30928,6571.7241504,6174.6971,17197.4238372,24635.9010532,31006.9034416,30230.3235136,34629.6630828,33382.3091228,29319.5389432,48760.7908664,2022_09_10
11,QITRFa.R196,QITRFa,2248.4368376,14134.9991432,19310.0768376,25282.9948928,26389.2155436,28367.8958856,33539.4451356,34002.208514,31340.6491016,34646.125028,32438.9492952,58969.169464,2022_09_10
12,QITRFa.R196,QITRFa,1714.4873732,13978.0801252,18617.6131452,20594.1910632,25707.8217848,26092.9020964,33355.4344272,29603.09849,34397.8020888,29559.5278504,26291.21183,57970.7714472,2022_09_10
1,LRWa1.R019,LRWa1,639.4600396,418.0671987,414.1988841,644.12502,414.4428698,434.4816384,1410.021197,10190.42203,17438.51503,19070.65524,18199.55678,,2021_07_21
2,LRWa1.R019,LRWa1,625.565367,341.9408208,285.0201564,530.8948468,335.9523424,615.6424812,1201.617124,9425.318438,14764.88207,13189.86731,10988.4673,,2021_07_21
3,LRWa1.R019,LRWa1,438.2862402,601.5037706,460.998139,514.6779078,247.7257952,673.7734016,1309.103409,10678.30948,17174.13102,16260.02906,12910.64079,,2021_07_21
4,LRWa1.R019,LRWa1,673.2958386,245.106615,339.596138,529.5059856,207.0085437,451.3713667,432.8035651,7614.467636,18959.91029,25792.60378,22482.45254,,2021_07_28
5,LRWa1.R019,LRWa1,526.5148492,727.3405447,435.9620678,216.0696698,522.1383232,466.6837416,789.0855016,9024.143353,23824.84071,24400.0248,22497.92543,,2021_07_28
6,LRWa1.R019,LRWa1,321.9014304,217.5549502,397.2002756,452.619024,453.466561,361.5690908,979.0340456,9416.742449,25797.80875,28902.32948,23295.83134,,2021_07_28
7,LRWa1.R019,LRWa1,723.7727808,,268.332548,392.932404,212.905984,853.4991002,1245.545197,9311.618312,17260.22985,17642.69612,17493.65512,,2021_04_28
8,LRWa1.R019,LRWa1,514.3877736,,587.5146288,463.6335132,373.769976,339.5172128,1145.371406,10503.85852,14414.41743,17663.14618,19397.41956,,2021_04_28
9,LRWa1.R019,LRWa1,517.9633652,,447.7348928,429.2017788,482.9431904,286.5817068,576.6012416,2554.062267,3722.992141,3708.486389,3927.867188,,2021_04_28
10,LRWa1.R019,LRWa1,285.014204,,304.8006024,611.514836,541.6078276,466.475248,950.3942168,2685.26742,4027.792506,4328.411038,3446.579686,,2021_04_28
1,LRWa1.R019,LRWa2,357.6208756,625.8144172,489.6079273,453.61687,302.38592,113.1873362,619.663911,674.5766928,5693.325876,12822.14222,13033.54517,,2021_07_21
2,LRWa1.R019,LRWa2,553.7236354,594.3443146,639.8221268,460.351772,229.8333168,404.5284436,636.6065202,740.9805014,5277.836785,11789.65543,11334.85254,,2021_07_21
3,LRWa1.R019,LRWa2,735.8183384,707.2639908,496.481774,443.400509,672.5567474,567.1121132,637.1196118,513.916893,6233.060263,12816.10756,12964.73843,,2021_07_21
4,LRWa1.R019,LRWa2,412.2979806,339.827526,378.6795525,811.01223,527.8349686,489.2100678,319.7464557,542.93415,2388.800987,13324.13382,14517.83558,,2021_07_28
5,LRWa1.R019,LRWa2,436.3388397,400.4108548,362.8989362,524.4980118,557.3918562,555.8439885,306.1133316,341.6770296,3195.505647,16512.90364,17947.41521,,2021_07_28
6,LRWa1.R019,LRWa2,519.953472,361.8011998,306.6280052,325.707876,435.001156,470.5065648,452.4631288,307.833868,2964.624491,18710.58693,17708.23222,,2021_07_28
7,LRWa1.R019,LRWa2,523.942656,,305.1476076,357.1046124,479.877176,444.4163806,604.6098772,354.8848636,3877.694001,9681.927798,12820.47916,,2021_04_28
8,LRWa1.R019,LRWa2,406.9094432,,445.0984032,427.0511288,498.993732,250.8193152,645.4748416,359.1984788,4330.253052,10626.19846,11109.11551,,2021_04_28
9,LRWa1.R019,LRWa2,283.8471036,,322.03122,393.1987852,590.2536444,360.0668848,411.5343632,361.5993584,968.246568,2183.599746,2074.658342,,2021_04_28
10,LRWa1.R019,LRWa2,213.8316576,,430.5463316,824.5147048,431.1244764,519.8226904,735.1518412,482.7214756,1936.830239,2841.72406,2932.638033,,2021_04_28
1,LRWa1.R019,LRWa3,654.4364112,548.0993748,585.6926765,453.252321,263.5918133,432.4659939,564.5027203,526.0239072,635.4428943,8287.933079,12766.98853,,2021_07_28
2,LRWa1.R019,LRWa3,455.2956928,290.1774029,256.161517,307.6474282,271.0913886,358.6048932,251.0122632,449.7466344,1005.889366,11086.78624,16184.80532,,2021_07_28
3,LRWa1.R019,LRWa3,393.8511168,288.8936608,360.8003008,433.796376,435.072936,562.768874,437.4398746,326.372061,1121.233845,11132.67062,16939.12923,,2021_07_28
4,LRWa1.R019,LRWa3,361.517568,,609.4649198,483.6397946,532.462304,550.3283396,391.80526,373.3021354,2667.480363,12538.51535,10675.36135,,2021_04_28
5,LRWa1.R019,LRWa3,282.9498564,,427.1780128,302.6681964,552.123888,429.5837576,697.7628184,589.3813268,3040.486541,8006.0428,10195.4075,,2021_04_28
6,LRWa1.R019,LRWa3,643.4462452,,161.6134888,482.7931368,447.0902104,392.9202436,323.0384592,611.6009284,824.552052,2633.479763,1950.685483,,2021_04_28
7,LRWa1.R019,LRWa3,410.252328,,357.9828808,413.952758,358.7253192,321.978756,395.2984192,269.1368044,1184.308398,2734.59854,3180.902086,,2021_04_28
8,LRWa1.R019,LRWa3,674.1219984,,743.8772424,652.667664,435.5046824,426.0702884,461.288016,398.800786,2107.505272,10408.2538548,13013.9953256,17666.6451872,2022_04_01
9,LRWa1.R019,LRWa3,577.4734116,,627.3223128,707.5387464,308.7776776,342.6538108,327.4372516,463.9800828,3059.6574632,12510.31997,16137.0811856,18746.4301848,2022_04_01
10,LRWa1.R019,LRWa3,638.45661,,480.3908064,735.292184,514.4520992,651.9262128,427.3417748,427.7817236,3381.0927104,12107.9803636,17131.0150772,18548.4008084,2022_04_01
1,LRWa.R193,LRWa1,1938.5662144,,2179.1839204,5015.377288,7548.2318668,8762.781842,9015.438198,9891.3562408,11607.5009964,9113.610596,7821.8957044,29873.9783736,2022_09_02
2,LRWa.R193,LRWa1,3140.5312148,,2570.1672844,3312.0381548,5899.83258,8328.9710696,9940.741888,8268.7525628,9068.5823668,8849.113048,6889.7905484,33517.3293876,2022_09_02
3,LRWa.R193,LRWa1,3004.4548836,,4139.9618492,6645.6933204,9547.5918264,7896.7726512,13036.5131288,14025.0131452,12929.7630272,12366.0601552,11370.994568,46366.2534008,2022_09_02
4,LRWa.R193,LRWa1,1801.679328,1364.930511,2199.2704518,1412.792976,1546.97371,1947.9793928,1724.5882368,1663.5713852,1364.6157476,2474.4847996,3383.7631968,40768.0721748,2022_08_25
5,LRWa.R193,LRWa1,2564.487108,8601.8473332,5153.668925,8277.336808,17472.8693292,18666.5962328,26245.5050364,24645.853444,26752.2482656,26822.619816,28604.0276948,54179.5087912,2022_08_25
6,LRWa.R193,LRWa1,2741.965128,3956.752471,5567.0612722,9134.4000912,16879.092278,17743.9605588,21561.5245864,22117.13538,18955.9645152,24966.6879172,26264.5242132,50809.394926,2022_08_25
7,LRWa.R193,LRWa1,2628.1059906,5250.3539173,2934.2491024,6528.6496647,5670.5289194,8284.6508699,8256.2315549,6534.0524862,8994.4636898,8901.2726007,7935.2459038,35526.6033251,2022_09_09
8,LRWa.R193,LRWa1,2286.7657654,2111.9224072,1645.5665672,4300.9558706,5710.5687156,8707.0581808,8920.2536798,8848.7911977,7331.1881484,7194.39983,9273.4308597,34889.9974934,2022_09_09
9,LRWa.R193,LRWa1,2760.1393548,1521.7395411,2270.7746211,2320.9758344,5651.1622552,8670.4634179,7888.8970383,7960.94366,8170.7116005,9175.2774003,8460.0138687,32147.5491269,2022_09_09
1,LRWa.R193,LRWa2,2480.2265248,,2590.6356712,4015.7308532,9193.627928,12221.9276604,12892.3334396,11767.376986,12233.8704908,12660.3623624,13506.1646388,43102.2689884,2022_09_02
2,LRWa.R193,LRWa2,3470.0619716,,3041.6894144,4976.8311576,10917.8058544,14696.7121664,13927.3742864,14906.0359012,16063.4667188,15654.1474884,17167.6985468,42766.8512716,2022_09_02
3,LRWa.R193,LRWa2,2732.657796,,2569.7416332,4994.2690508,12368.5425992,14015.6235964,14550.980632,16906.0724696,15804.0269768,16919.1790832,19333.262128,41003.735894,2022_09_02
4,LRWa.R193,LRWa2,3515.4717153,1540.7199161,1817.616844,3311.7036049,4988.4421755,7505.9863973,9321.3896223,10110.9268425,11428.5059084,11748.8362414,11550.1441034,37081.4012085,2022_09_09
5,LRWa.R193,LRWa2,3007.4372823,2682.2361073,2120.2097352,2207.8788644,5462.6752646,9827.39439609999,9056.7124311,8091.8846622,11352.0230538,9898.1218768,10908.9407896,36050.7876337,2022_09_09
6,LRWa.R193,LRWa2,3290.2075664,2111.2052885,2006.4579592,2303.3279,6409.7531777,6589.4899766,8820.7814706,8143.3370858,11087.8596607,9954.7080061,7906.6815197,36827.4930503,2022_09_09
7,LRWa.R193,LRWa2,1942.7786296,2194.086688,1850.07511,5436.5500584,6912.184372,13770.2472024,14710.4147764,21446.6019864,23127.6244352,30376.3804344,25791.8415408,33941.6060196,2023_02_03
8,LRWa.R193,LRWa2,1583.1703488,1378.7840452,2266.7979116,5727.2624576,8907.6462696,17162.3472016,20589.9023952,28520.7805484,26365.6895336,24005.9465964,26750.7481016,38203.4991404,2023_02_03
9,LRWa.R193,LRWa2,1204.9189952,1758.7943844,2194.8115284,5217.5602648,7381.900872,14772.7626984,19405.4303456,27251.7809644,27859.3713816,22003.4488252,23003.7768136,34017.0273156,2023_02_03
1,LRWa.R193,LRWa3,17354.3559816,,18095.988868,17472.691456,15522.527832,20279.1698368,19034.013552,20059.3043536,22802.0663808,21098.5106544,17740.3693312,43169.2695544,2022_09_02
2,LRWa.R193,LRWa3,12793.803036,,16604.1357464,14600.8834176,16622.985332,21693.0922664,21445.5602568,21789.5397864,23771.2118008,22918.0630504,18068.0095376,45034.48222,2022_09_02
3,LRWa.R193,LRWa3,15202.1114616,,12385.370764,14874.3691264,18942.3726384,22750.9215448,23584.4229424,18535.9403752,20699.7706032,21813.9036952,19218.0559776,46459.7174784,2022_09_02
4,LRWa.R193,LRWa3,7808.1369602,6815.4554448,7140.0068964,8924.193163,8641.5877578,10979.5335064,4813.1393204,10071.9542378,11364.3662956,11559.9475608,10179.1147016,33860.2694904,2022_09_09
5,LRWa.R193,LRWa3,8665.2060378,8207.6063868,5262.2898174,10829.4114794,10588.586351,11113.6599268,7905.8871348,10247.1910016,14665.0432102,13403.1806908,12294.0648656,33627.5615948,2022_09_09
6,LRWa.R193,LRWa3,9083.2473644,7164.2287732,3676.400286,7516.2798526,10144.4608044,9840.919053,5602.7761392,10987.7293288,12845.024316,13211.3793284,9969.20580799999,36162.5565824,2022_09_09
7,LRWa.R193,LRWa3,874.8583454,1246.4877458,1911.7551762,1880.5552476,2532.6518622,3180.2416168,4769.7451678,4768.1029062,7679.2739306,9947.2903218,6163.8901218,34978.5237024,2023_02_17
8,LRWa.R193,LRWa3,1034.8880396,1119.1260694,937.7453696,1392.6997756,1610.9451308,1825.1070132,3631.396551,4855.9234726,4182.631234,6234.9748478,5046.2231302,35218.2132176,2023_02_17
9,LRWa.R193,LRWa3,571.659761,505.5189214,1605.5311792,1501.385028,1339.741593,1842.9244514,2440.9194984,2328.4714146,4652.081062,3027.3486548,3205.4412904,31592.2641692,2023_02_17
1,LRWa3.R204,LRWa1,3581.7017884,,3217.3142832,3359.3989476,137.4206256,3275.650084,10939.0382596,31445.707096,42745.6108048,43134.76465,39250.9891044,67400.9892964,2022_09_02
2,LRWa3.R204,LRWa1,3464.9666268,,2354.577884,2496.1281292,39.303684,2411.587342,6588.1800896,33314.6878204,37166.7830852,42170.1809508,38459.2259356,73132.585188,2022_09_02
3,LRWa3.R204,LRWa1,2981.7256516,,2609.2976516,2749.8372128,117.8278696,2432.0228372,9039.623754,35141.050914,46545.026848,42592.4277236,38657.448108,76021.2545952,2022_09_02
4,LRWa3.R204,LRWa1,4031.3190074,3432.3362256,3606.254944,2412.4812276,2749.4593476,3701.6232866,12079.581554,33575.9937344,45088.2699542,41176.1442852,37552.514942,63654.5923684,2022_09_09
5,LRWa3.R204,LRWa1,4316.3078468,2647.500899,2244.5444696,2317.0180908,2558.393612,2818.3995426,10067.1472392,32504.9104864,42990.0532718,42245.903212,36375.8950034,70163.1613462,2022_09_09
6,LRWa3.R204,LRWa1,4069.4296406,2761.1923128,2819.7773486,2049.2182486,2252.1236494,2492.9095472,8245.1519878,32922.119873,43815.9115692,40109.7348318,41070.0324872,64988.4334258,2022_09_09
7,LRWa3.R204,LRWa1,2202.1445936,2420.5230754,2249.0862626,2124.0580596,2010.292634,1774.2472728,1320.0398544,2108.366231,3247.482723,4590.4227976,5228.3447074,32219.5303032,2023_02_17
8,LRWa3.R204,LRWa1,1299.685452,2176.7550416,2788.9470732,2105.3204788,1918.6403206,2488.539439,1988.1206254,2593.2351822,2770.962309,3783.257333,5178.5750244,36255.3455954,2023_02_17
9,LRWa3.R204,LRWa1,2466.4889102,2533.44362,2994.359887,2568.285875,1844.7827118,1956.54064,1826.248159,2846.231746,3449.1728468,5410.9972146,5822.9554808,28127.3130794,2023_02_17
1,LRWa3.R204,LRWa2,4355.6227628,,2335.0161248,2790.342102,117.970468,2745.8723032,2685.8266996,21944.2075432,48099.2332632,50446.9498208,45109.5582352,81457.6136692,2022_09_02
2,LRWa3.R204,LRWa2,3350.3787088,,2394.0491692,2986.7690748,118.059592,3608.5324896,2959.8320556,23373.8374872,42784.8245668,47736.0983528,50481.7235688,63257.3755432,2022_09_02
3,LRWa3.R204,LRWa2,3890.9399716,,2944.370854,2318.445538,157.2833892,2569.313756,3019.2016824,17155.2588992,37810.4434692,44449.6079632,45751.258992,64419.4811084,2022_09_02
4,LRWa3.R204,LRWa2,4410.0226402,3950.5808474,2340.5646204,2948.3508512,2291.799313,2377.850314,4065.3518708,15565.0330956,45909.2425276,53089.990722,44689.6053268,70525.562087,2022_09_09
5,LRWa3.R204,LRWa2,4826.8723782,4083.9958658,2493.3210378,1895.466719,2081.4371494,1974.541361,3623.3347886,12854.242872,37564.626914,37796.019363,35959.194295,61510.4444294,2022_09_09
6,LRWa3.R204,LRWa2,5394.306186,3222.3875228,2801.4527356,3447.2143936,2902.606116,2434.2021102,4449.29289,12782.1035234,26339.2534332,44117.5764484,37228.8012752,88143.7979736,2022_09_09
7,LRWa3.R204,LRWa2,2203.916632,3245.144866,2394.2213252,2554.102968,1830.6644112,1850.4565344,3257.3724652,12449.27891,34321.9088644,46064.5351852,42837.676028,66885.093152,2023_02_03
8,LRWa3.R204,LRWa2,2508.247088,3081.4808384,2954.4543816,2572.7059852,2047.937746,2466.4504608,3692.9356712,17216.7377788,48346.846216,53452.293572,51791.8497672,72906.5839344,2023_02_03
9,LRWa3.R204,LRWa2,2438.694816,2682.0120304,2338.840338,2101.4710556,1703.058636,2901.9124952,2460.2908608,19183.5561928,48649.7734032,50957.1744676,42671.1733792,63582.6596272,2023_02_03
1,LRWa3.R204,LRWa3,11143.1994104,,10025.5174576,7966.8780672,12187.8060112,41987.0925808,55389.925552,54542.7740536,60861.7486168,65946.589304,57607.8868336,86475.973116,2022_09_02
2,LRWa3.R204,LRWa3,9842.2230032,,11561.0317704,18930.4455552,29008.2554008,46397.9968728,53285.0008112,60201.533896,56118.6140912,60965.9987504,57425.5429712,79531.9208192,2022_09_02
3,LRWa3.R204,LRWa3,9257.802068,,8852.1258464,10093.3575808,15882.1440864,45067.920164,49456.2627416,53788.0177976,61696.5312272,61920.7954048,64187.8154384,85458.1689176,2022_09_02
4,LRWa3.R204,LRWa3,557.8993496,5052.8057564,3428.8700744,2027.59663,2821.282488,6258.9563704,12887.469542,21716.2204216,15890.324032,19011.6252348,18286.7784004,34798.0155608,2022_11_30
5,LRWa3.R204,LRWa3,359.623962,5907.093122,3411.0520348,1917.0632944,2051.5768776,8506.381322,15740.67776,18471.6667604,10284.653472,12894.1856152,14740.1391548,32958.5277032,2022_11_30
6,LRWa3.R204,LRWa3,647.3448092,5089.0569348,7093.437434,2300.6174792,4176.4975704,13055.5720396,23870.8445688,24265.07391,16524.345504,15525.8897584,10402.7788816,28150.0554092,2022_11_30
7,LRWa3.R204,LRWa3,2168.51224,20700.8688228,5364.8541192,6866.280408,13592.75474,35406.4591548,52132.1149096,64147.1156204,65382.72118,71429.4475,50463.5089592,87062.9826792,2023_02_03
8,LRWa3.R204,LRWa3,2849.341352,9515.0562792,4568.0901676,8118.8756376,13811.5750944,39711.5084676,57508.3031432,60858.957804,69234.6669028,73212.288058,42277.2409568,86433.10052,2023_02_03
9,LRWa3.R204,LRWa3,3529.1332428,15229.0568372,5056.6433612,8712.7709328,15533.080892,35318.5538096,49620.8334236,62643.32083,70103.9241156,47303.1067836,35022.8797232,79693.61564,2023_02_03
1,LRWa2.R213,LRWa1,10140.4235432,,8548.5792788,9055.5594396,9666.317104,7321.9220176,9286.9202304,14119.7277812,18265.2348232,18112.1807208,17420.9544748,41279.61126,2022_09_02
2,LRWa2.R213,LRWa1,13373.58679,,12607.0668476,9995.2973624,11236.4790236,9010.2639392,11802.0563476,22455.6627444,21626.8696412,22315.3393756,18629.6021296,41315.9472168,2022_09_02
3,LRWa2.R213,LRWa1,14902.8869788,,8175.1257944,9584.4970996,9313.0296904,9344.0051772,12298.1512768,19475.179244,20918.3960036,21394.0351404,19461.499734,52602.4264752,2022_09_02
4,LRWa2.R213,LRWa1,7093.4894358,6726.8846988,5682.7094798,5119.2641532,5490.911689,5617.489583,8676.2012322,12831.286657,20616.213898,14614.390155,15102.8258668,35091.3387836,2022_09_09
5,LRWa2.R213,LRWa1,9454.385868,6918.0790374,4641.3329052,4638.7788398,4897.5481748,5520.5492262,9348.872592,14996.7669674,17441.066079,16206.7948194,17641.3748656,37309.3853006,2022_09_09
6,LRWa2.R213,LRWa1,8369.0721716,8113.4932194,6280.5701668,5522.7624964,4723.4468224,6020.4777968,11559.3646664,16068.9010038,25843.3886744,19212.6850604,19575.5275442,38508.3235102,2022_09_09
7,LRWa2.R213,LRWa1,822.8478048,1964.3718772,1260.4194036,1021.1581646,1596.810804,1661.760921,1480.9445314,3703.6608984,8215.9265096,9871.6263306,10447.5258404,35016.1382334,2022_09_10
8,LRWa2.R213,LRWa1,1323.87003,1382.9438672,2080.6039858,1683.2316416,1395.8641692,1305.66722,1224.1937424,5585.1510226,11958.5481842,13925.118761,14000.3552336,40966.7091934,2022_09_10
9,LRWa2.R213,LRWa1,943.75869,1884.3070338,1799.8124024,1662.1095834,1297.3622268,988.88868,1954.8577362,6721.6075792,14370.233613,12586.1610136,12791.4543532,37059.536744,2022_09_10
1,LRWa2.R213,LRWa2,14804.0879964,,15630.3773528,17315.95013,16605.8974136,17438.5656832,21795.7644252,25558.3911584,23846.7630188,25876.5015276,25755.972894,51985.9920568,2022_09_02
2,LRWa2.R213,LRWa2,16742.5718532,,17865.7818396,21695.5240764,22252.4526908,25924.065202,28194.1740792,29705.3556044,32869.849572,30178.5052612,33360.2558204,55278.6672128,2022_09_02
3,LRWa2.R213,LRWa2,14495.193432,,13373.259654,18093.9093772,19529.196114,20605.7923504,23197.8194924,26764.9973656,26587.645192,29916.3868988,28466.9199708,46095.8449704,2022_09_02
4,LRWa2.R213,LRWa2,8599.727831,11870.8268162,9998.3867256,11684.2417966,10983.2547006,13833.6291522,17428.3065348,19086.3775616,22643.2948046,21171.5875666,17984.3323786,41748.0985942,2022_09_09
5,LRWa2.R213,LRWa2,10555.2076162,11850.9542956,9439.5586754,11489.5436212,11274.8665756,12116.6847302,17809.386336,19391.7655816,24754.4955542,21626.6417038,21537.6203098,37079.7109116,2022_09_09
6,LRWa2.R213,LRWa2,8275.9494276,9616.4785556,11595.7580488,9719.7545644,12213.3092474,13276.3496656,17331.205766,19120.4335946,24962.8612136,17000.411228,22407.2427932,41983.89917,2022_09_09
7,LRWa2.R213,LRWa2,1144.1457468,2184.6293226,2779.9121376,2382.571888,3510.135071,4235.533195,6140.2575234,11009.695181,14212.9734158,14417.9932678,15037.0988896,44368.1502164,2022_09_10
8,LRWa2.R213,LRWa2,1585.5843444,2305.6890234,2700.6903318,2643.749793,2892.9544398,2909.5812128,4086.2157012,9777.4831808,15697.4991396,15212.7624406,14395.548555,54053.5218662,2022_09_10
9,LRWa2.R213,LRWa2,903.6461028,1303.1585718,1680.2742172,2202.2580468,3012.3676224,3384.9057786,4699.050165,10834.1954386,15474.1987902,14159.1890668,14201.216397,40601.6042222,2022_09_10
10,LRWa2.R213,LRWa2,2643.3244764,2974.3947812,1886.2085152,1631.1619172,2049.3148552,2174.8433288,2665.9527156,8253.1331552,22850.602874,24324.6899224,28162.7121468,32919.4538276,2023_02_03
11,LRWa2.R213,LRWa2,3201.636848,2794.1051456,2611.713876,2373.2954544,2068.5743052,2826.9673544,2919.634738,9066.8616456,21596.7826676,28498.071892,30340.791618,41112.3180984,2023_02_03
12,LRWa2.R213,LRWa2,2823.6859144,2828.3038944,2702.3120644,4348.0642924,3682.242226,3153.3022316,4152.6866352,7710.715104,18673.0800164,28961.1992916,36191.2241624,49782.5884616,2023_02_03
1,LRWa2.R213,LRWa3,9689.9946796,7133.3284796,7172.8684164,7540.476664,6226.2864676,7765.605284,9410.7115656,10761.6081484,14873.3099228,15991.5442448,16446.1945184,28718.1209744,2022_09_09
2,LRWa2.R213,LRWa3,10949.665148,11172.3820036,7634.6852548,6807.0290344,7715.1636644,7127.3998476,8484.178222,13714.2382608,19867.6564616,1020.4208872,18659.3976012,24213.1882028,2022_09_09
3,LRWa2.R213,LRWa3,10222.393596,8479.6820156,7946.4977532,1157.3289644,6109.336582,6666.3544108,1696.887384,14230.5056368,21430.6643972,22338.2163796,19614.5880412,38455.0380132,2022_09_09
4,LRWa2.R213,LRWa3,2002.1692354,1880.2633168,1776.18852,1553.005656,1154.5899462,1094.731245,2224.6031268,8208.5438984,12158.3567552,13838.5780136,12725.296127,36776.1207546,2022_09_10
5,LRWa2.R213,LRWa3,2173.4469444,1210.5567082,1413.893309,2338.4077954,1789.6420018,1171.4244468,2224.7824994,8245.9270528,13676.0309272,16912.4598834,15860.1939082,39366.7306568,2022_09_10
6,LRWa2.R213,LRWa3,2174.1905992,1957.9052498,1567.8540176,1705.9069798,1616.7193692,1747.9948128,2416.691932,8477.9102746,12660.6888728,17204.2807386,15935.5321614,53449.218836,2022_09_10
7,LRWa2.R213,LRWa3,2586.5460674,3225.1627064,2804.8859014,2991.5634822,2451.7881058,2044.7042622,2267.6958856,2294.4046044,2848.9745856,3577.5283572,4758.731138,29253.03584,2023_02_17
8,LRWa2.R213,LRWa3,3052.6984408,2272.0459692,3745.9709674,2721.1242174,2360.889896,2208.4550954,2359.0368096,2277.0783732,3209.3593584,3922.4741328,4559.957584,35519.6987056,2023_02_17
9,LRWa2.R213,LRWa3,2980.4543138,2738.2344428,2171.4038854,1904.6769556,2324.1131988,1971.731639,1904.6414248,2601.5194218,3012.3426944,4391.0014032,3550.454348,34840.0094744,2023_02_17
1,PRGa.R028,PRGa,429.789999599999,,343.7725752,530.978948599999,666.0531126,1172.1088556,3124.58104979999,4910.92986019999,5217.63563359999,5108.69167239999,5355.24816099999,9742.4967926,2022_01_27
2,PRGa.R028,PRGa,431.456376,,414.9796558,300.154872,328.7538248,1603.56667439999,4145.6331112,5452.07976379999,6213.31174119999,6894.1442754,5577.93459859999,11424.5955794,2022_01_27
3,PRGa.R028,PRGa,518.1727238,,373.320206,385.148312799999,830.7392564,1997.03856779999,4338.3549428,6401.57527059999,7017.6965108,5829.8572938,5999.45082979999,11481.4915147999,2022_01_27
4,PRGa.R028,PRGa,829.0046878,,796.9677922,712.1488671,767.9035927,1189.42079,2824.906295,6790.253775,9728.138916,9783.419959,10939.66668,9721.488992,2021_10_13
5,PRGa.R028,PRGa,658.7096671,,934.1669443,907.7194971,624.8470707,813.2345422,2710.877618,8068.259461,9772.646835,9996.551306,10922.63668,9807.305519,2021_10_13
6,PRGa.R028,PRGa,817.3687668,,766.0468031,854.9900316,766.0686369,932.8427129,2592.463803,6915.373658,10479.94083,11563.81764,11225.54832,10407.40361,2021_10_13
7,PRGa.R028,PRGa,1431.8793572,,813.6142048,860.4599704,921.9451992,1845.8170078,5763.0452104,6768.1102906,7682.9792238,6491.3677176,7613.3257064,9557.9257228,2022_04_08
8,PRGa.R028,PRGa,780.5822492,,1027.4092628,1465.08977,1006.5391064,2188.219423,5758.6903302,8391.3375598,8418.855608,7380.5362632,7956.9452732,11250.105074,2022_04_08
9,PRGa.R028,PRGa,1051.0654652,,906.6419598,954.1080168,909.7923058,1998.940526,5879.6205546,9115.7664918,10131.3841156,9009.6255372,8341.9759724,10653.8835564,2022_04_08
1,PRGa.R032,PRGa,1413.989251,,1505.8612622,2274.8523316,2696.5358266,4300.5650032,7781.8088134,12585.5557663,21190.0589205,19619.8512545,22737.1827863,38665.0046314,2022_02_17
2,PRGa.R032,PRGa,1172.626304,,1553.0622178,2976.6082007,4340.3157935,5992.8842561,12836.8479516,20538.694351,23625.1735512,24139.1879535,28361.683379,45600.240915,2022_02_17
3,PRGa.R032,PRGa,1517.567919,,1766.1771779,2926.1212888,4025.8695118,6407.6184809,13222.0541033,22129.1174325,24869.7657186,25023.5601112,28489.9669134,53494.5474455,2022_02_17
4,PRGa.R032,PRGa,687.033743,,544.4826165,753.1821452,745.906804499999,1488.2123029,2571.50812629999,4225.45994899999,6093.7119925,7191.90622199999,7173.55218009999,9417.70539779999,2021_10_15
5,PRGa.R032,PRGa,822.535041599999,,580.5673615,648.688418,690.627889799999,1696.334251,2560.188207,4368.73611899999,6624.1404556,8101.2968124,8688.22571449999,9962.1583562,2021_10_15
6,PRGa.R032,PRGa,851.135018399999,,685.3805295,442.4904964,539.3594135,1377.9661809,2287.67535749999,4768.98822909999,7535.4248403,7413.39394859999,7915.239105,9909.6426974,2021_10_15
7,PRGa.R032,PRGa,662.6983194,,1183.078407,1991.95717,3003.5613378,6353.6908468,10292.5273042,14584.0313234,14143.3968442,15523.7961776,14616.6059744,30823.6087926,2022_05_20
8,PRGa.R032,PRGa,261.3335374,,451.8061896,450.256276,1322.1608796,3007.4408546,7198.2056268,11702.6424234,15259.943473,17520.2986754,17692.7045282,41060.2237966,2022_05_20
9,PRGa.R032,PRGa,453.4666136,,1078.7663844,606.075978,1149.85124,2324.8742076,6956.3231222,10079.645062,13897.8871222,17083.7717658,21332.1941042,41310.3295404,2022_05_20
1,PRGa.R198,PRGa,1680.8084552,,2421.03168,2117.4161064,8195.4905284,24711.4785572,35266.1000144,34969.2092348,34838.76907,36470.985398,34435.4147,55671.4253652,2022_09_02
2,PRGa.R198,PRGa,2009.2424324,,1836.0021168,2647.1522568,9272.6570844,29312.7863196,37893.1950092,42573.383548,42503.4833616,42321.0799148,36285.8304908,66559.2820276,2022_09_02
3,PRGa.R198,PRGa,1583.5300948,,1640.1191808,2607.2454984,8509.1596568,26527.8645472,40738.8918228,39776.6370936,40792.6659532,38542.6549896,30554.2393192,65628.1937436,2022_09_02
4,PRGa.R198,PRGa,2285.7615646,3378.9711108,3703.1052312,4465.5910758,12395.177518,24664.8852388,31881.002421,34455.160067,37729.1640094,35935.776799,39045.9297922,62443.6351856,2022_09_10
5,PRGa.R198,PRGa,2380.8589846,2649.8992502,3795.4836988,4140.083854,12699.1954898,27494.920863,34753.1230994,37422.6878492,36887.4316306,1420.2794736,40685.3472846,69977.8485748,2022_09_10
6,PRGa.R198,PRGa,2041.5606352,2361.520844,3454.6053372,3833.7233438,11489.0235514,25134.236333,35683.4499928,39112.6361616,38507.6989712,40475.8190642,44900.8425458,64667.3463096,2022_09_10
7,PRGa.R198,PRGa,2734.1930694,2680.0438368,3332.4609234,3573.5651628,4464.1328553,21283.2407188,55090.5736299,66448.091928,67936.2765279,75367.1602523,71073.933235,45356.410205,2022_12_14
8,PRGa.R198,PRGa,2879.8277774,2733.7690257,3387.2024484,5133.9829486,7436.0396241,39743.9139346,74294.0593923,90253.2241387,91938.4142942,91867.2725133,72699.0456593,40886.0531361,2022_12_14
9,PRGa.R198,PRGa,2569.3977446,2263.3537192,2699.1630659,3249.5252018,5460.6932937,24635.5455635,63903.3227645,81378.1821715,77773.4341593,88411.8995476,74177.3873766,45605.790696,2022_12_14
1,PRGa.R199,PRGa,3224.6788872,,1620.6813168,2137.0317948,5379.7578944,15579.8800656,20177.9753812,22692.7556424,21497.1487388,24115.7545116,18278.2711544,46192.6637388,2022_09_02
2,PRGa.R199,PRGa,2433.3140552,,1522.6307136,2900.9180064,9368.9801664,18511.5877412,23048.9933512,22966.3839768,22691.1109584,26069.147888,23429.344016,48698.0957856,2022_09_02
3,PRGa.R199,PRGa,1352.1559136,,1092.6616224,1667.2091016,7120.081424,16371.6939524,23591.8931576,21319.5243336,26801.6379872,25321.4367756,20171.5831528,39548.3315328,2022_09_02
4,PRGa.R199,PRGa,2899.4884972,1507.6441936,2093.5855872,2506.1525268,5603.273768,13259.7452592,16893.3113724,19828.7791812,16697.1765636,20950.8869464,17536.387952,44377.2798568,2022_09_10
5,PRGa.R199,PRGa,3319.8577644,2821.7979728,3372.118722,3846.566628,5449.190946,14636.7362584,18166.1998396,21335.5258212,20569.7370956,22466.2265032,20253.3515084,48635.0742428,2022_09_10
6,PRGa.R199,PRGa,2803.610544,1391.0688608,2654.6788516,2078.2992152,5447.9377164,14774.9438344,20965.917922,21111.0092436,20792.8186188,23369.1865452,24181.204468,54922.9863212,2022_09_10
7,PRGa.R199,PRGa,2459.364407,1919.8052098,5469.3250542,14256.0728223,40503.3923686,22389.3554551,31912.2202345,36711.4131808,34052.2338465,43182.9259457,54074.3741048,47022.9281092,2022_12_14
8,PRGa.R199,PRGa,1749.7287091,1684.7973684,1122.6020261,1634.4798262,11190.6329384,16661.3846886,28499.3327414,31530.2490323,30875.0894684,52798.6073959,55147.7399493,43537.7199094,2022_12_14
9,PRGa.R199,PRGa,2022.9631602,2064.0805265,1539.2253302,5276.2565968,8163.8937641,22239.3953487,29854.3663572,32616.0713992,32299.6023447,41009.253216,54705.9646068,46267.9533069,2022_12_14
1,PRGa.R200,PRGa,2269.6032356,1333.6131664,1569.158628,1593.0751964,3230.1369336,12910.913274,63803.1091992,91705.0006464,83821.1371312,81665.925678,81980.8286144,89919.6260496,2022_09_10
2,PRGa.R200,PRGa,2709.899194,2918.119896,3293.2805768,3593.7190292,3853.8922344,17085.8377632,65446.8967168,83493.7313632,80197.4464396,88570.7335716,86459.214972,79086.5863484,2022_09_10
3,PRGa.R200,PRGa,2956.2225684,1758.4852112,1317.6966672,2350.75603,4279.9964984,14929.7671792,66992.0927836,79460.2800884,94524.7724996,91999.5231704,63047.8200368,93666.1157216,2022_09_10
4,PRGa.R200,PRGa,1025.4851068,8127.4953144,6436.633824,3434.4916932,5018.8378248,16097.690334,38000.441362,35221.3828492,39130.241664,61120.6205392,64976.0235688,51938.8639708,2022_11_30
5,PRGa.R200,PRGa,1007.5751576,6634.5919684,6273.9028668,3014.1242268,4012.0917408,5745.1537372,25222.0957108,28639.5632872,31425.253472,29335.3682176,34485.8979552,45820.3183504,2022_11_30
6,PRGa.R200,PRGa,413.8021164,14537.9981608,3593.1235368,2156.065264,1941.49467,6366.1316144,13961.2789044,13585.3869508,13714.587456,26764.6908668,22277.8210764,45616.488722,2022_11_30
7,PRGa.R200,PRGa,9726.7143926,4064.467134,3928.1735146,9357.3276152,18922.9884232,50702.5042414,124544.2261858,166435.3909366,123052.6974194,107225.5987848,84544.3877746,132724.821757,2022_12_14
8,PRGa.R200,PRGa,1745.7927204,3115.3258233,5267.2277768,10199.1455616,18533.9664868,42589.9585066,116224.5270118,153930.1110518,124109.7884242,111483.9323638,91582.1720748,124781.2189924,2022_12_14
9,PRGa.R200,PRGa,2968.5766344,3342.7118349,3030.8941922,6355.25688,14068.2011584,27581.0607964,92734.6760122,160650.5521296,104226.7358618,114749.5041932,92348.9664048,115463.6856538,2022_12_14
1,PRGa.R202,PRGa,651.9653704,1086.067296,948.91671,835.197986,1592.286572,3200.7162784,7332.9670708,11060.1105212,12946.3300104,12179.1057784,10731.5669,45631.1401652,2022_09_10
2,PRGa.R202,PRGa,555.5249852,659.3583328,484.0572996,796.3060168,950.500812,2348.04537,4741.4544212,4887.989376,6415.5449724,5698.3678448,5344.785878,35451.8517676,2022_09_10
3,PRGa.R202,PRGa,1073.44294,504.1760724,794.49636,1049.3734624,2155.2935328,3626.5987828,5527.4771092,8538.1904276,10910.0664692,9786.7765908,8671.767562,45081.232942,2022_09_10
4,PRGa.R202,PRGa,1649.3201418,2608.032238,1793.3505792,1965.0406482,2685.4559534,6574.3932928,10269.115134,16064.056426,10902.9354728,13537.2524932,16181.4427424,33527.3647108,2022_11_30
5,PRGa.R202,PRGa,383.6783076,849.6982584,1234.0037242,1560.4776388,1835.9852942,2550.3259992,7796.0929408,9518.8389736,9987.6625908,7051.3194616,10669.3733772,37751.9506376,2022_11_30
6,PRGa.R202,PRGa,115.2979776,753.5159696,828.5257162,1367.7527766,946.7690334,1724.7749538,6196.534684,8683.5396488,5404.1839544,9837.4649828,10095.8153636,44399.4369476,2022_11_30
7,PRGa.R202,PRGa,3213.8146865,5297.2172955,4986.7167022,6573.9320612,16810.6734518,11124.0017552,26679.6988494,42354.6020524,44716.4703776,46362.2046838,45320.5230404,72894.2888116,2022_12_14
8,PRGa.R202,PRGa,5275.2247851,3519.1910239,3612.3749973,5409.515328,5401.4196902,11439.5213628,23620.0738364,41567.0170382,45323.2800182,43684.4908652,40682.1303422,67086.2253018,2022_12_14
1,PRGa.R210,PRGa,9497.0705328,,23930.8810288,30019.3204328,38603.9049128,39008.0371016,47545.5092072,44052.7162248,41158.2107208,34425.437244,39139.2973864,67262.9817416,2022_09_02
2,PRGa.R210,PRGa,8680.2776704,,19754.0107032,31361.1526656,40839.464348,41811.7024088,50007.8473936,45164.3009984,41165.209592,42870.0035888,39516.6708064,67702.1417264,2022_09_02
3,PRGa.R210,PRGa,7861.4187272,,7175.166248,13038.1603584,26259.9247296,37557.5618912,45461.7734952,36973.2060768,37612.5439472,38094.664384,28514.2499408,57147.6745584,2022_09_02
4,PRGa.R210,PRGa,5513.745651,3727.7995124,3071.807508,5336.7408724,22772.1648284,66125.7274066,85158.7479954,97993.6774114,93451.7123904,83476.7277668,74605.7100712,95237.921693,2022_12_14
5,PRGa.R210,PRGa,6846.5815044,4135.2808748,5186.6194662,7518.6759194,37010.0862798,77022.368941,108950.3546566,99739.4460542,98064.838209,88338.3299512,74069.2097884,93154.1385598,2022_12_14
6,PRGa.R210,PRGa,2827.1315838,2006.1378304,1580.9580644,2624.9750948,11421.8160822,40528.613442,61778.5819708,64163.5551686,58559.7519706,56071.2648202,60970.126299,79262.2457098,2022_12_14
7,PRGa.R210,PRGa,2410.931399,2252.0623954,2696.8500204,2253.2828284,3615.1928176,7170.6683994,8280.5650226,9833.5446448,10377.949031,11644.612865,12179.4936606,40107.5318798,2023_02_17
8,PRGa.R210,PRGa,1921.1047643,1801.7208388,1655.1936494,1681.2503408,2600.398414,4313.8087874,3834.3162198,3421.660382,4014.8958934,5257.7750798,5413.7064266,44544.3896032,2023_02_17
9,PRGa.R210,PRGa,2541.6399896,2477.9022464,2325.1857266,2493.405906,4538.8898,10128.70968,14833.444783,14091.1321022,16909.5463034,15491.578076,13657.646612,45170.1956794,2023_02_17
1,PRGa.R211,PRGa,3342.696414,1843.8803184,4001.7600968,2723.668406,4523.1343432,9547.4149224,12767.3298816,9215.2612748,14903.3029328,13946.4530768,13369.425746,40732.0155132,2022_09_10
2,PRGa.R211,PRGa,2554.6848664,2193.8990524,1903.9384664,1886.3778244,2854.5960576,10341.6998184,10931.280258,11716.2336048,13472.1191852,14184.3533492,11391.7022932,43728.2666448,2022_09_10
3,PRGa.R211,PRGa,2861.8457868,3863.6167496,3515.6740616,1809.0130096,3301.0591488,6499.8898416,8454.7436916,7031.3842068,6400.2041732,8072.8252324,8245.1788084,34575.6818252,2022_09_10
4,PRGa.R211,PRGa,6005.0588612,13665.4549298,10583.375575,29591.1877104,44292.8110004,37813.6069306,44232.4285082,46397.8695478,45814.870337,46637.7682288,49729.1098984,54970.3218566,2022_12_14
5,PRGa.R211,PRGa,8831.2129066,4543.812073,5701.9099276,6950.2024052,17594.9950264,36781.7014768,44849.0962578,41802.7357268,40473.4983856,44777.117019,37308.480519,55436.3062564,2022_12_14
6,PRGa.R211,PRGa,858.4161912,1068.351627,1668.6066888,1568.9470104,11754.4814404,25000.4101578,23861.9621112,26746.5947394,28758.2531166,26791.5904542,26153.3745046,50287.9982212,2023_02_03
7,PRGa.R211,PRGa,1144.7333988,1030.1917626,920.998513,1568.345724,9885.632058,24369.5231724,31624.305616,32856.247926,35368.1848374,31515.5258104,26273.7326626,46094.5727744,2023_02_03
8,PRGa.R211,PRGa,953.656452,991.9166,729.0474288,1224.5052996,7385.8711646,27991.483556,32198.7153148,32810.1312916,36044.3112474,31047.1320886,24696.3285888,50747.4075704,2023_02_03
1,PRGa.R219,PRGa,3169.2939424,2562.8986652,2349.925756,2449.9097724,2057.9651456,2697.330738,6469.5425028,12183.3085424,13953.4284472,15015.2483084,14345.4857676,41190.118474,2022_09_10
2,PRGa.R219,PRGa,4129.788246,2776.6670452,2331.6679632,2547.8559512,2409.0484992,3377.7312312,7463.735062,11243.1993648,15334.6704592,16547.9525124,17043.9177676,43190.1977268,2022_09_10
3,PRGa.R219,PRGa,4437.7345424,3261.5117796,4448.9258952,2548.6199632,2699.7301632,3921.2243488,8649.3070456,14565.181174,20089.9593844,20874.2617108,17658.870114,49790.5762292,2022_09_10
4,PRGa.R219,PRGa,1884.2108186,1897.7149444,1402.669626,870.832782,2254.1711484,5600.9444394,17591.9427922,30216.2056876,43106.4847004,41916.770252,59539.4876348,55748.479032,2022_12_14
5,PRGa.R219,PRGa,2148.0506052,2323.1175244,1741.2228066,1848.236244,3637.1025024,10458.0123428,30329.163512,46164.7986994,53512.5227256,57428.6361568,56391.0628324,60261.4126476,2022_12_14
6,PRGa.R219,PRGa,1972.2593934,1613.1728876,2185.2210272,1688.1466812,2449.108917,6935.1699232,27256.819806,48233.4136348,51227.2429466,51077.990687,50107.7203924,63133.0161304,2022_12_14
7,PRGa.R219,PRGa,1659.3251418,1488.063237,1036.157502,975.6681264,1011.3861466,3555.3881258,13810.3398572,27349.1771574,31560.6885228,28895.0083868,24750.0212744,53192.4483376,2023_02_03
8,PRGa.R219,PRGa,1163.7598802,839.6576728,901.826925,784.6469532,1450.1021792,3251.1529634,12909.4605994,28379.8974198,30252.4884168,29148.469332,26808.962776,51359.618208,2023_02_03
9,PRGa.R219,PRGa,1296.805935,1049.551309,728.8329374,1071.4432212,954.3611408,5198.4852686,18636.0876468,25382.5651906,29814.6445384,30261.6595476,28786.5134026,45838.73278,2023_02_03
1,PRGa.R220,PRGa,7445.6156928,7734.3746744,6086.714688,6635.5178864,6613.4255288,9704.891012,23867.3360224,30752.1683456,31861.3203136,33044.4721616,35779.9174048,67545.949264,2022_09_10
2,PRGa.R220,PRGa,6547.0199888,6731.9828016,5388.187584,4883.9371696,5210.6627832,7009.9228144,14479.5619808,22632.3467728,23421.4506088,19798.2911432,22833.1551048,48377.2877544,2022_09_10
3,PRGa.R220,PRGa,7062.874624,7669.5403928,5638.80096,6012.0177912,5873.5633736,11626.5299632,22527.770404,30047.7695328,29301.6601024,25935.8985112,33315.459972,60354.1565952,2022_09_10
4,PRGa.R220,PRGa,1355.5853886,1046.0416522,1190.2953512,1154.6168124,3283.890023,9709.4566672,39480.1986384,50042.3399674,51774.3884014,53007.6813182,58765.951196,74876.91744,2022_12_14
5,PRGa.R220,PRGa,1179.5134866,1577.98691,1172.371565,1154.8181424,4560.9704592,12895.7787986,40486.8819548,52228.038687,51621.6316716,60914.9428954,60260.0996208,69906.214346,2022_12_14
6,PRGa.R220,PRGa,757.4291332,1170.8428324,1473.6587414,1047.2810784,2253.255484,8501.1520658,32745.1881506,48213.2277382,49785.7731842,57020.6711632,55200.8446384,80321.7735316,2022_12_14
7,PRGa.R220,PRGa,2919.2371488,1226.0870668,1253.2744896,1074.778974,1792.95226,7352.2489436,16722.223174,27329.6170736,27811.2992396,32984.1403768,27502.3570604,38270.17517,2023_02_03
8,PRGa.R220,PRGa,2756.8120608,1712.4945976,1289.837976,1075.1621384,2349.1011056,10584.1063984,22536.45349,37754.7330844,32317.8251844,31160.2839592,26389.842512,44283.2123456,2023_02_03
9,PRGa.R220,PRGa,1513.100736,1261.9918764,1342.3814208,1272.0208528,1560.24998,6422.6484256,22366.3234848,29738.2874588,34084.967854,28270.78231,24010.7258188,45699.4553072,2023_02_03
1,PRGa.R221,PRGa,6796.6244088,7674.871888,5037.15552,5486.056444,5639.9514688,4697.4504104,6348.7871432,11118.1310608,12906.3941448,15099.6290008,22316.6858336,49080.160272,2022_09_10
2,PRGa.R221,PRGa,5116.3099312,4618.1110904,4166.052096,3580.7867464,3773.3576568,3726.7011584,4569.1640344,9215.8132656,12192.6527064,12151.1417072,18484.9116696,42381.5221376,2022_09_10
3,PRGa.R221,PRGa,6491.4897376,6591.8184944,4710.308736,5233.7641256,4104.3339088,4367.4507976,7200.8634872,13274.169756,16123.6777792,15484.8707136,20847.56762,46368.557676,2022_09_10
4,PRGa.R221,PRGa,4825.9517832,6093.266152,4937.7891088,3798.7143048,4015.457066,7630.0350968,24443.1235844,44090.5802556,51228.1777868,55683.8071388,50560.6325968,73995.2633672,2022_12_14
5,PRGa.R221,PRGa,3659.7889468,2637.6194496,3155.313208,3368.6490992,3586.5882752,6364.8543044,29485.6150532,42471.2034016,52834.5230648,52276.950476,47342.4387116,57789.9154368,2022_12_14
6,PRGa.R221,PRGa,6646.0682884,2744.263182,1835.9156992,2710.3722196,2569.8024956,5330.8849164,21940.6333308,41786.3381608,50071.9203352,50022.7597324,54116.6541972,66975.7067584,2022_12_14
7,PRGa.R221,PRGa,1567.7559072,1207.4301192,1163.9890416,1183.0321056,951.19374,3253.1908988,12620.8382092,22615.8540536,28199.4894264,32665.1795648,41653.2761684,41842.5619876,2023_02_03
8,PRGa.R221,PRGa,900.3433824,973.2999892,948.7464672,1164.7408556,950.57586,4642.328338,11778.1557656,21420.3423292,30539.7939492,34771.5934452,35223.7581852,44755.7920788,2023_02_03
9,PRGa.R221,PRGa,1261.0479168,991.5480132,823.6602864,1182.2878956,1076.11932,4618.8312496,15002.7128072,24020.2864808,33119.2230756,36740.5082316,35017.6942412,45332.8241756,2023_02_03
1,PRGa.R222,PRGa,7241.9151008,10025.1250744,7715.2920312,6913.9612664,6157.6268256,11901.331872,25768.3457864,28333.1239984,27224.3297072,26284.2367768,26118.0611656,61425.8543352,2022_09_10
2,PRGa.R222,PRGa,6974.250292,7536.4959248,4785.7165896,5088.8197088,6450.139352,8584.2546264,16676.1744752,19571.9565112,20883.88996,16502.0207072,15048.7295392,42605.0787816,2022_09_10
3,PRGa.R222,PRGa,7779.3523632,8430.5001792,5718.9290968,7301.4376456,5828.9119384,12581.7331104,18415.6754936,22746.2676992,23829.7228272,18208.8523728,15220.5020616,42877.4436592,2022_09_10
4,PRGa.R222,PRGa,5445.3294068,17315.5801748,3851.1615804,4672.6844576,9779.5265132,44126.4233824,82609.3373472,83023.5293776,82982.0737176,92666.047332,88176.8429144,95858.4288916,2022_12_14
5,PRGa.R222,PRGa,19662.340944,5913.5238988,2763.882098,4173.4905996,16936.7231776,41606.8556468,84837.2790112,88831.9542396,90115.3671776,95485.4639456,77321.5775528,131380.5251212,2022_12_14
6,PRGa.R222,PRGa,5656.3661932,6271.2802696,2923.5761756,3887.0112036,8656.5620136,38528.763316,83055.4569376,79896.0145151999,91627.0931576,91699.097312,64818.751428,109294.1559672,2022_12_14
7,PRGa.R222,PRGa,3921.299476,,1462.5832124,1118.5521732,2846.517732,14235.3528572,32699.812042,35709.839902,27978.31896,32393.349596,32186.1607296,43394.4418012,2023_02_03
8,PRGa.R222,PRGa,4531.1272684,,2293.7002504,1931.9106724,3477.3611956,18240.2193916,40451.9679672,45498.7055464,45375.9795112,35030.788638,48744.777148,44731.6103908,2023_02_03
9,PRGa.R222,PRGa,1343.2565288,,1082.950752,1065.1074872,2703.4999904,13624.4965288,38626.6969944,41858.3482076,36395.2390172,39404.0852576,35596.66631,51014.3632672,2023_02_03
1,PRGa.R223,PRGa,11400.9260608,10838.1639856,7517.3701776,9302.664012,8335.1904504,15673.6996984,26737.1530112,27038.5281096,31219.8109872,29814.6908144,29166.315608,54676.8984632,2022_09_10
2,PRGa.R223,PRGa,10439.6455552,7691.065952,4999.0835896,6272.1404,5458.372756,11689.8842488,17314.9072832,21437.6033904,24864.6345,22107.5928672,21904.2996048,45998.2344056,2022_09_10
3,PRGa.R223,PRGa,11763.6763064,8624.4330792,12771.2023248,9069.9140272,8238.7918064,16976.2997128,26317.0847288,26344.348932,28229.4648512,29948.8434616,26551.3610136,58355.351492,2022_09_10
4,PRGa.R223,PRGa,4042.9411592,4215.3244324,3777.1932448,3580.3632196,3025.2633264,23328.6626924,64290.7090328,69136.603456,80932.9403904,53582.6375128,78959.5629976,93260.94775,2022_12_14
5,PRGa.R223,PRGa,2806.8417272,4019.7851548,3207.0214552,2886.491982,4947.1802996,35971.344658,67189.0020932,73478.8253056,53217.3312304,57784.9096464,47706.2195176,80039.4702472,2022_12_14
6,PRGa.R223,PRGa,3142.507272,4712.8497512,4668.0204528,6627.0696344,16042.232224,35317.10436,61726.0648544,72658.2703068,78675.9385748,74837.6612088,86254.5545496,72040.6165812,2022_12_14
7,PRGa.R223,PRGa,5909.4373764,1321.098016,830.8109496,812.1229812,3315.0621492,16076.2593216,28991.0840824,39584.7633884,58086.4890124,48381.2498884,50821.3937612,62257.1923964,2023_02_03
8,PRGa.R223,PRGa,4261.3319504,1918.0667552,740.2746536,1083.466846,4523.3605648,19461.1662164,32462.0216184,45813.7633704,49152.593844,51325.4045036,44167.4459824,53230.7643068,2023_02_03
9,PRGa.R223,PRGa,2042.1592572,959.7415872,1119.3286236,866.4226996,6561.6888448,22875.018844,32947.9505104,36123.2478456,49281.2132532,50240.6103788,38508.9219164,53762.2159532,2023_02_03
